{
  "r_mean": 0.9745225238937469,
  "r_std": 2.031838513070339e-05,
  "mae_mean": 0.053158955027659736,
  "mae_std": 3.746376067087973e-05,
  "cv_mae": 0.0007047497576163139
}